time_s,altitude_agl_m,AGL_ft
0,0,0
0.001356281,0,0
0.002712561,5.17E-26,1.69624E-25
0.005425122,0,0
0.008137683,3.31E-24,1.08559E-23
0.010850244,1.32E-23,4.34237E-23
0.012860419,5.29E-23,1.73695E-22
0.014870594,9.94E-07,3.26203E-06
0.018890943,3.98E-06,1.30481E-05
0.022911293,7.95E-06,2.60963E-05
0.026931643,1.19E-05,3.91444E-05
0.027872042,1.29E-05,4.21965E-05
0.028812441,1.38E-05,4.52486E-05
0.030693239,1.57E-05,5.13528E-05
0.032574036,1.92E-05,6.29873E-05
0.034454834,3.01E-05,9.87061E-05
0.037766225,9.63E-05,0.000315901
0.041077617,0.000263276,0.000863807
0.044389008,0.000589637,0.0019346
0.04867547,0.00134656,0.004418065
0.052961932,0.002638572,0.008657153
0.057248393,0.0046005,0.015094242
0.061534855,0.007344763,0.024098168
0.064718671,0.009965325,0.032696233
0.067902487,0.013161899,0.043184189
0.071086303,0.01701612,0.055829889
0.075112507,0.022943729,0.075278375
0.079138711,0.030137744,0.098881937
0.083164914,0.038670034,0.126876381
0.08933466,0.054506183,0.178834785
0.095504406,0.073891809,0.242439024
0.096114496,0.076009197,0.249386176
0.096724586,0.078164521,0.256457795
0.097334677,0.080358607,0.263656589
0.098554857,0.084866777,0.278447896
0.099775038,0.089539901,0.293780416
0.100995218,0.094383088,0.309670912
0.102864624,0.102336356,0.335765583
0.10473403,0.110688467,0.363168862
0.11295127,0.151198198,0.496081288
0.118221255,0.181148759,0.59434908
0.12349124,0.214171009,0.702695079
0.128761226,0.250274522,0.821150707
0.139301196,0.331801979,1.088642292
0.149841167,0.425838782,1.397177043
0.160381138,0.532468671,1.747029709
0.174428094,0.694319767,2.278063156
0.18847505,0.878942628,2.883810761
0.202522006,1.086530134,3.564905369
0.220107355,1.378982418,4.524441312
0.237692703,1.707998768,5.603943959
0.255278052,2.073940035,6.804597254
0.2728634,2.477134916,8.127479658
0.275258857,2.534957933,8.317196978
0.279140145,2.631040021,8.632442308
0.283021432,2.728954442,8.953699526
0.290784007,2.928452002,9.608251018
0.298546582,3.135295529,10.28690463
0.306309157,3.349502645,10.98971818
0.333991567,4.173737969,13.69403428
0.361673977,5.092885643,16.70975779
0.389356387,6.107936035,20.04013813
0.417038796,7.219789966,23.68813088
0.444721206,8.429311646,27.65657151
0.472403616,9.73737703,31.94833403
0.511331507,11.74507859,38.53560286
0.550259398,13.95202267,45.77658638
0.58918729,16.36069803,53.67945024
0.628115181,18.9735256,62.25213748
0.667043072,21.79280112,71.50218048
0.705970963,24.82096739,81.43759401
0.744898854,28.06066781,92.0670511
0.775599709,30.76654192,100.945024
0.800302589,33.04126873,108.4084027
0.825005469,35.40359375,116.1591911
0.849708349,37.85394923,124.1988074
0.874411229,40.39280951,132.528808
0.903663831,43.51449166,142.7710472
0.932916433,46.76196621,153.4260111
0.962169035,50.13593795,164.4960124
0.991421636,53.63688403,175.9826165
1.020674238,57.2652286,187.8872151
1.04992684,61.02151171,200.2115799
1.079179442,64.90621079,212.9572776
1.108432044,68.91987509,226.1261102
1.137684645,73.06310657,239.7200527
1.166937247,77.33632014,253.7404664
1.196189849,81.73989196,268.1885855
1.225442451,86.27425203,283.0658209
1.254695052,90.93986343,298.3736919
1.290392875,96.81181699,317.6395715
1.319802802,101.796994,333.9959372
1.349212728,106.9156285,350.790177
1.378622654,112.1682432,368.0240058
1.408032581,117.5551648,385.6984957
1.413610232,118.591947,389.1001782
1.419187883,119.6335527,392.5176865
1.424765534,120.6799844,395.9510287
1.430343185,121.7312435,399.4002101
1.441498487,123.8482484,406.3461031
1.45265379,125.9845681,413.3553678
1.463809092,128.1401979,420.4279894
1.474964394,130.3151419,427.5639806
1.489336638,133.1457787,436.8513001
1.503708883,136.0085107,446.2439235
1.518081127,138.9033521,455.7418983
1.532453372,141.830288,465.3451749
1.546825616,144.7892776,475.0536198
1.56119786,147.7802879,484.8671246
1.575570105,150.803317,494.7856832
1.592060869,154.3114375,506.2958264
1.608551633,157.8617937,517.9445451
1.625042397,161.4544198,529.7319514
1.641533161,165.0893423,541.6581321
1.658023925,168.7665368,553.7230072
1.674514689,172.485956,565.9264218
1.691005453,176.2475324,578.2681537
1.707496217,180.051182,590.7479282
1.723986982,183.8968125,603.3654418
1.740477746,187.784324,616.120367
1.75696851,191.7136361,629.0124401
1.770364913,194.9363592,639.5861945
1.783761315,198.186562,650.25011
1.797157718,201.4641665,661.0039304
1.810554121,204.7690671,671.847309
1.823950524,208.1011331,682.7798178
1.837346927,211.4602187,693.8009774
1.850743329,214.8461713,704.910288
1.867636697,219.1540518,719.044444
1.884530064,223.5041147,733.3170002
1.901423431,227.8960559,747.7269593
1.918316798,232.3295579,762.2732793
1.935210165,236.8042826,776.9548513
1.954668256,242.0089861,794.0314835
1.974126346,247.2673958,811.2843255
1.993584437,252.5789665,828.7115892
2.013042527,257.94313,846.3114096
2.032500618,263.3593323,864.0819691
2.051958708,268.8269943,882.0213683
2.071416799,274.345486,900.1275395
2.090874889,279.9141449,918.3983094
2.108573681,285.0222855,935.1581188
2.111459949,285.8591481,937.9038651
2.114346217,286.6970812,940.6531234
2.117232485,287.5360821,943.4058854
2.120118753,288.3761484,946.162143
2.125891289,290.059467,951.6851113
2.131663825,291.747015,957.2219561
2.137436361,293.438768,962.7725978
2.143208897,295.1347005,968.3369523
2.152956782,298.0079814,977.7641868
2.162704666,300.8929883,987.2298945
2.172452551,303.7895946,996.7336599
2.182200436,306.6976603,1006.275023
2.194074329,310.2552252,1017.947394
2.205948222,313.8292541,1029.673783
2.217822114,317.4194167,1041.453106
2.229696007,321.0253592,1053.284203
2.2415699,324.646716,1065.165875
2.253443793,328.283082,1077.096792
2.265317686,331.9340292,1089.07555
2.277191579,335.5991238,1101.100725
2.289065472,339.2779102,1113.170823
2.300939364,342.9698862,1125.284197
2.319542414,348.7793816,1144.345151
2.338145463,354.6176481,1163.500503
2.356748512,360.4821396,1182.7419
2.371970939,365.298467,1198.54427
2.387193365,370.1288144,1214.39264
2.402415792,374.9714436,1230.281306
2.417638219,379.8245578,1246.204374
2.420682704,380.7962792,1249.392592
2.423727189,381.7683342,1252.581905
2.426771675,382.7407079,1255.772263
2.42981616,383.7133849,1258.963616
2.435905131,385.6595895,1265.349113
2.441994102,387.6068296,1271.738008
2.448083072,389.5549923,1278.12993
2.454172043,391.5039712,1284.524529
2.464352205,394.7640183,1295.220744
2.474532367,398.0255904,1305.921962
2.484712529,401.2882356,1316.626701
2.494892691,404.5515327,1327.333579
2.505072853,407.8150969,1338.041333
2.515253015,411.0785729,1348.748798
2.525433177,414.3416355,1359.454906
2.537322543,418.151644,1371.955544
2.54921191,421.9602852,1384.451696
2.561101276,425.7671922,1396.942158
2.572990642,429.5720365,1409.425852
2.587490947,434.2092136,1424.64043
2.601991253,438.8423758,1439.841835
2.616491558,443.4710691,1455.028578
2.630991863,448.0948854,1470.199319
2.645492168,452.7134522,1485.352837
2.659992473,457.3264244,1500.487999
2.674492778,461.933477,1515.603738
2.690936021,467.1502892,1532.720099
2.707379265,472.3586723,1549.808804
2.709187533,472.9308545,1551.686133
2.709734541,473.1039318,1552.254
2.7097948,473.1229979,1552.316556
2.709855058,473.1420638,1552.379111
2.709975575,473.1801955,1552.504221
2.710096091,473.2183266,1552.62933
2.710358734,473.3014239,1552.901972
2.710621377,473.3845181,1553.174604
2.710884019,473.4676093,1553.447226
2.712597967,474.0097701,1555.226056
2.714311915,474.5518024,1557.004464
2.716025863,475.0937063,1558.78245
2.72450617,477.7730623,1567.573417
2.732986476,480.4492823,1576.354095
2.741466783,483.1223727,1585.124505
2.744517051,484.0830881,1588.276612
2.747567319,485.0433997,1591.427394
2.750617587,486.0033078,1594.576853
2.752365757,486.5532686,1596.381274
2.754113927,487.1030969,1598.185261
2.755862096,487.652793,1599.988814
2.773343793,493.1424859,1618.000496
2.79082549,498.6190035,1635.968951
2.808307187,504.0823986,1653.89435
2.825788884,509.5327242,1671.776868
2.832403987,511.5917393,1678.532497
2.83901909,513.6488934,1685.282019
2.845634194,515.7041895,1692.025446
2.852529929,517.8447027,1699.048469
2.859425664,519.9832032,1706.06489
2.8663214,522.1196945,1713.074718
2.878821819,525.9875624,1725.765192
2.891322239,529.8488581,1738.434103
2.903822658,533.7036036,1751.081523
2.931539277,542.2273109,1779.047807
2.944224832,546.1178871,1791.812788
2.956910388,550.0018303,1804.556005
2.969595944,553.8791671,1817.277547
2.976830177,556.0873599,1824.522628
2.984064411,558.2934176,1831.760703
2.991298644,560.4973449,1838.991789
3.003764055,564.2899807,1851.435427
3.006880407,565.2371559,1854.543108
3.013113113,567.1303294,1860.754611
3.019345818,569.0219357,1866.960971
3.025578523,570.9119774,1873.162198
3.037936281,574.6547995,1885.442397
3.05029404,578.3915032,1897.702522
3.062651798,582.1221122,1909.94265
3.075009556,585.8466493,1922.162856
3.087367314,589.5651373,1934.363215
3.099725072,593.2775992,1946.543803
3.112082831,596.9840581,1958.704695
3.126017928,601.1564356,1972.394265
3.139953025,605.3212427,1986.058997
3.153888122,609.4785125,1999.698999
3.167823219,613.6282778,2013.31438
3.186583737,619.2032217,2031.60577
3.205344254,624.7647022,2049.852988
3.224104772,630.312797,2068.056287
3.242865289,635.8475825,2086.215918
3.261625807,641.3691338,2104.332128
3.280386324,646.8775248,2122.405159
3.299146842,652.3728279,2140.435248
3.31790736,657.8551147,2158.422631
3.336667877,663.3244557,2176.367539
3.355428395,668.7809203,2194.270199
3.380071322,675.9288234,2217.72247
3.40471425,683.0547812,2241.102737
3.429357178,690.1589446,2264.411497
3.454000106,697.2414626,2287.649239
3.45856823,698.5520013,2291.949116
3.463136354,699.8618024,2296.246574
3.467704479,701.1708666,2300.541613
3.472272603,702.4791951,2304.834239
3.481408851,705.0936485,2313.412261
3.4905451,707.7051701,2321.980663
3.499681348,710.3137677,2330.539472
3.508817596,712.9194489,2339.088712
3.527333408,718.1912927,2356.385631
3.545849219,723.4512548,2373.643567
3.564365031,728.6994002,2390.862732
3.582880842,733.9357949,2408.043343
3.601396653,739.1605046,2425.185616
3.626477695,746.2192443,2448.34534
3.651558737,753.2568241,2471.43564
3.670845948,758.6543982,2489.145081
3.690133159,764.0396218,2506.813999
3.70942037,769.412563,2524.442619
3.728707581,774.7732889,2542.031161
3.747994792,780.1218652,2559.57984
3.767282002,785.458357,2577.088869
3.796127951,793.4172,2603.201833
3.8249739,801.349396,2629.227368
3.846824794,807.3405033,2648.884191
3.851194973,808.5369265,2652.809656
3.855565152,809.7327541,2656.733166
3.85993533,810.9279869,2660.654725
3.864305509,812.1226258,2664.574335
3.873045867,814.5101269,2672.407726
3.881786224,816.8952669,2680.233371
3.890526582,819.2780555,2688.0513
3.899266939,821.6585026,2695.861547
3.920908668,827.5426399,2715.167402
3.942550397,833.4126287,2734.426835
3.960261605,838.206098,2750.154207
3.977972813,842.9902679,2765.851069
3.995684021,847.7652166,2781.517676
4.013395229,852.531021,2797.15428
4.031106437,857.2877565,2812.761129
4.048817645,862.0354975,2828.338467
4.066528853,866.7743165,2843.886532
4.084240061,871.5042847,2859.405558
4.111541276,878.7781921,2883.271248
4.138842492,886.0314853,2907.069303
4.156826956,890.7983921,2922.709525
4.17481142,895.5565288,2938.320971
4.192795884,900.3059633,2953.903866
4.210780348,905.0467631,2969.45843
4.224109651,908.5549055,2980.968645
4.237438954,912.0583679,2992.463505
4.250768257,915.5571765,3003.943096
4.26409756,919.0513573,3015.407503
4.277426863,922.540936,3026.856811
4.297782523,927.8611751,3044.312516
4.318138182,933.1708304,3061.733495
4.338493842,938.4699903,3079.120038
4.358849502,943.758742,3096.472432
4.379205162,949.0371719,3113.790961
4.401925723,954.9167594,3133.081888
4.424646283,960.7837114,3152.331357
4.447366844,966.6381439,3171.53975
4.470087404,972.4801709,3190.707441
4.492807964,978.3099046,3209.834797
4.515528525,984.1274547,3228.922179
4.542305662,990.9681881,3251.366625
4.569082798,997.7923204,3273.756603
4.595859935,1004.60002,3296.092665
4.622637071,1011.39145,3318.375348
4.649414208,1018.166772,3340.605178
4.676191344,1024.926142,3362.782672
4.717359436,1035.28747,3396.77819
4.751007752,1043.728847,3424.474348
4.784656068,1052.145942,3452.090835
4.818304384,1060.539042,3479.628596
4.8519527,1068.90843,3507.08856
4.885601017,1077.254385,3534.471637
4.919249333,1085.577177,3561.778717
4.952897649,1093.877072,3589.010674
4.986545965,1102.154331,3616.16836
5.020194281,1110.409208,3643.252611
5.058510003,1119.782191,3674.005368
5.096825724,1129.126767,3704.664923
5.103558726,1130.765916,3710.042972
5.110291728,1132.404193,3715.418157
5.11702473,1134.041597,3720.79048
5.123757731,1135.678128,3726.159939
5.134589646,1138.309115,3734.792207
5.14542156,1140.937846,3743.417072
5.156253474,1143.564321,3752.034537
5.167085388,1146.188542,3760.644605
5.183299501,1150.112484,3773.519061
5.199513613,1154.031382,3786.376965
5.215727725,1157.94524,3799.218332
5.231941838,1161.854061,3812.043173
5.24815595,1165.757848,3824.8515
5.26967362,1170.930781,3841.823892
5.29119129,1176.094865,3858.767254
5.31270896,1181.250112,3875.681617
5.33422663,1186.39653,3892.567014
5.3557443,1191.53413,3909.423481
5.37953754,1197.204798,3928.028942
5.403330781,1202.864714,3946.599126
5.427124021,1208.513894,3965.134087
5.431882669,1209.642443,3968.836857
5.436641317,1210.770564,3972.538221
5.441399965,1211.898257,3976.238181
5.446158613,1213.025521,3979.936735
5.455675909,1215.278766,3987.329632
5.465193205,1217.5303,3994.716916
5.474710501,1219.780126,4002.098592
5.484227797,1222.028242,4009.474664
5.495823038,1224.764892,4018.453609
5.507418278,1227.499008,4027.424246
5.519013518,1230.230594,4036.38658
5.530608759,1232.959651,4045.340616
5.542203999,1235.686181,4054.286359
5.556885608,1239.134821,4065.601348
5.571567216,1242.579416,4076.903062
5.586248825,1246.019967,4088.191513
5.600930434,1249.45648,4099.466711
5.615612042,1252.888957,4110.728669
5.635120962,1257.443795,4125.673092
5.648667941,1260.602487,4136.03676
5.66221492,1263.757753,4146.389189
5.675761898,1266.909597,4156.730388
5.689308877,1270.058021,4167.060367
5.706024287,1273.938105,4179.790922
5.722739698,1277.812992,4192.504428
5.739455109,1281.682688,4205.2009
5.756170519,1285.547197,4217.880355
5.779964474,1291.039289,4235.899909
5.803758429,1296.520894,4253.885053
5.827552384,1301.992023,4271.835827
5.851346339,1307.452687,4289.752265
5.875140294,1312.902897,4307.634406
5.898934249,1318.342666,4325.482286
5.922728205,1323.772003,4343.295942
5.94652216,1329.190922,4361.075415
5.975738618,1335.83055,4382.860034
6.004955077,1342.454515,4404.593263
6.026590658,1347.349662,4420.654241
6.030456662,1348.223461,4423.521174
6.034322666,1349.096986,4426.38721
6.03818867,1349.970238,4429.25235
6.042054675,1350.843216,4432.116592
6.049786683,1352.588354,4437.842388
6.057518692,1354.332398,4443.564599
6.0652507,1356.075351,4449.283226
6.072982708,1357.817212,4454.998272
6.088998274,1361.421716,4466.824651
6.10501384,1365.021543,4478.635683
6.121029406,1368.616698,4490.431385
6.137044971,1372.207184,4502.211772
6.153060537,1375.793009,4513.976862
6.171536509,1379.923923,4527.530393
6.19001248,1384.048648,4541.063615
6.208488452,1388.167191,4554.576552
6.226964423,1392.279558,4568.069231
6.245440395,1396.385759,4581.541674
6.27366238,1402.646076,4602.081775
6.301884366,1408.892042,4622.574788
6.330106352,1415.123677,4643.020783
6.358328338,1421.341,4663.419822
6.381552833,1426.446652,4680.171464
6.404777328,1431.542634,4696.891381
6.428001823,1436.628957,4713.579607
6.451226318,1441.705631,4730.236175
6.474450813,1446.772667,4746.86112
6.50598811,1453.63795,4769.386114
6.537525407,1460.48551,4791.852959
6.569062704,1467.315378,4814.261755
6.595295035,1472.98292,4832.856961
6.621527365,1478.638261,4851.412136
6.647759695,1484.28142,4869.927338
6.673992025,1489.912414,4888.402629
6.700224355,1495.531261,4906.838067
6.732309637,1502.387297,4929.332721
6.764394918,1509.225222,4951.767953
6.770205738,1510.461673,4955.82475
6.776016558,1511.697532,4959.879602
6.781827378,1512.932798,4963.932509
6.787638197,1514.167471,4967.983474
6.799259837,1516.635043,4976.079575
6.810881476,1519.100247,4984.167911
6.822503116,1521.563087,4992.248487
6.834124755,1524.023562,5000.321308
6.86359365,1530.251986,5020.756766
6.893062544,1536.465248,5041.142479
6.922531438,1542.663375,5061.478532
6.952000332,1548.846391,5081.765008
6.992429478,1557.304497,5109.516055
7.032858625,1565.734301,5137.174241
7.073287771,1574.135895,5164.73987
7.113716917,1582.509371,5192.213245
7.154146063,1590.854821,5219.594668
7.194575209,1599.172336,5246.884434
7.235004355,1607.462004,5274.082834
7.275433502,1615.723914,5301.190162
7.320936194,1624.98954,5331.590681
7.366438886,1634.220246,5361.876626
7.411941578,1643.416159,5392.048417
7.45744427,1652.577407,5422.106473
7.502946962,1661.704118,5452.051211
7.555800391,1672.262013,5486.691664
7.598696605,1680.796876,5514.69455
7.634445389,1687.886453,5537.955453
7.639670636,1688.920944,5541.349617
7.644895882,1689.954985,5544.742307
7.650121129,1690.988578,5548.133525
7.660571622,1693.054417,5554.911542
7.671022115,1695.118462,5561.683673
7.681472608,1697.180714,5568.449923
7.691923101,1699.241175,5575.210294
7.709361126,1702.67534,5586.47779
7.726799151,1706.104527,5597.728952
7.744237176,1709.528741,5608.9638
7.761675202,1712.94799,5620.182355
7.779113227,1716.36228,5631.384639
7.804658177,1721.35493,5647.765527
7.830203127,1726.336975,5664.111615
7.855748078,1731.308435,5680.422975
7.881293028,1736.269332,5696.699679
7.906837979,1741.219689,5712.941798
7.935658471,1746.792184,5731.225156
7.964478964,1752.351319,5749.464678
7.993299457,1757.897123,5767.660462
8.022119949,1763.429625,5785.8126
8.050940442,1768.948852,5803.921184
8.079760934,1774.454832,5821.986305
8.119135022,1781.955651,5846.596491
8.15850911,1789.431864,5871.125947
8.197883198,1796.883541,5895.574897
8.237257286,1804.310746,5919.943557
8.268908105,1810.2634,5939.474216
8.300558924,1816.20032,5958.95325
8.332209743,1822.121543,5978.380781
8.363860561,1828.027104,5997.756929
8.39551138,1833.917041,6017.081813
8.427162199,1839.791391,6036.355552
8.458813018,1845.650188,6055.578265
8.490463837,1851.493468,6074.750068
8.522114656,1857.321267,6093.871077
8.553765475,1863.13362,6112.941407
8.585416293,1868.930561,6131.96117
8.617067112,1874.712124,6150.930478
8.648717931,1880.478343,6169.849442
8.68036875,1886.229251,6188.718173
8.712019569,1891.964883,6207.536783
8.751310546,1899.063832,6230.828432
8.790601524,1906.139354,6254.043222
8.829892502,1913.191516,6277.181364
8.869183479,1920.220381,6300.24307
8.908474457,1927.226012,6323.228546
8.915484209,1928.473423,6327.3213
8.922493962,1929.720096,6331.411634
8.929503714,1930.966032,6335.499552
8.936513467,1932.211232,6339.585053
8.950532972,1934.699424,6347.748811
8.964552477,1937.184675,6355.902919
8.978571982,1939.666988,6364.047387
8.992591487,1942.146366,6372.182226
9.014557521,1946.025209,6384.90871
9.036523554,1949.896866,6397.611618
9.058489588,1953.761349,6410.290986
9.080455622,1957.618668,6422.946849
9.10754687,1962.366144,6438.523317
9.134638118,1967.102758,6454.064148
9.161729366,1971.828528,6469.569399
9.188820614,1976.543471,6485.039127
9.215911862,1981.247603,6500.473387
9.248648189,1986.917549,6519.076478
9.273742031,1991.25316,6533.301619
9.298835873,1995.579541,6547.496474
9.323929715,1999.896705,6561.661089
9.349023558,2004.204666,6575.795509
9.383463789,2010.102202,6595.145325
9.417904021,2015.982466,6614.438471
9.445329621,2020.652736,6629.761627
9.472755222,2025.312096,6645.048987
9.500180823,2029.960565,6660.300613
9.527606424,2034.598161,6675.516565
9.555032025,2039.224902,6690.696905
9.586475838,2044.51619,6708.057619
9.617919651,2049.79326,6725.371686
9.649363464,2055.056139,6742.639193
9.654408198,2055.899178,6745.405202
9.659452931,2056.741852,6748.170015
9.664497665,2057.584161,6750.933633
9.669542399,2058.426107,6753.696056
9.679631866,2060.108906,6759.217319
9.689721333,2061.790249,6764.733807
9.699810801,2063.470138,6770.245523
9.726844397,2067.964048,6784.990042
9.753877993,2072.447538,6799.700373
9.780911589,2076.920625,6814.376571
9.807945185,2081.383326,6829.018691
9.84362716,2087.257824,6848.29292
9.879309136,2093.114291,6867.507988
9.914991111,2098.952762,6886.664012
9.950673086,2104.773272,6905.761106
9.986355062,2110.575857,6924.799388
10.02203704,2116.360552,6943.778971
10.05771901,2122.127392,6962.699973
10.09340099,2127.876412,6981.562508
10.13557794,2134.64896,7003.783237
10.17775489,2141.396718,7025.922631
10.21993184,2148.119744,7047.980879
10.2621088,2154.818095,7069.958168
10.30428575,2161.491827,7091.854684
10.34185954,2167.416503,7111.293548
10.34786203,2168.361178,7114.393025
10.35386451,2169.305356,7117.490874
10.359867,2170.249038,7120.587094
10.37187197,2172.134913,7126.774651
10.38387693,2174.018805,7132.955698
10.3958819,2175.900713,7139.13024
10.40788687,2177.78064,7145.29828
10.43000365,2181.238849,7156.644664
10.45212043,2184.690343,7167.969015
10.47423722,2188.135129,7179.271358
10.496354,2191.573215,7190.551717
10.51847078,2195.004608,7201.810118
10.55119197,2200.069004,7218.426403
10.58391315,2205.118797,7234.994772
10.61663434,2210.154013,7251.515318
10.64935552,2215.174682,7267.988131
10.68207671,2220.18083,7284.413304
10.72308842,2226.434918,7304.932965
10.76410013,2232.666291,7325.3781
10.7971892,2237.677367,7341.819441
10.83027828,2242.673715,7358.21246
10.86336735,2247.655361,7374.557238
10.89645642,2252.622327,7390.853854
10.9295455,2257.574637,7407.102383
10.96263457,2262.512314,7423.302903
11.0080227,2269.261543,7445.447121
11.05341082,2275.983341,7467.501343
11.09879895,2282.677771,7489.465766
11.14418708,2289.344892,7511.34059
11.1895752,2295.984767,7533.126022
11.23496333,2302.59746,7554.822265
11.28035145,2309.183032,7576.429527
11.32573958,2315.741546,7597.948012
11.37112771,2322.273064,7619.377922
11.42115899,2329.441542,7642.897699
11.47119028,2336.577371,7666.310355
11.52122157,2343.68063,7689.616147
11.57125286,2350.751395,7712.815326
11.62128415,2357.789742,7735.908145
11.67131544,2364.795749,7758.894852
11.72946071,2372.897443,7785.476509
11.78760598,2380.955674,7811.915568
11.84575125,2388.970561,7838.212412
11.90389652,2396.94222,7864.367424
11.91533726,2398.505654,7869.497052
11.926778,2400.06742,7874.621207
11.93821874,2401.627519,7879.73989
11.94965947,2403.185951,7884.853107
11.97254095,2406.29782,7895.063147
11.99542243,2409.403033,7905.25135
12.01830391,2412.501597,7915.417738
12.04118539,2415.593518,7925.562333
12.07919001,2420.714335,7942.363734
12.11719463,2425.816876,7959.105171
12.15519926,2430.90117,7975.78674
12.19320388,2435.967247,7992.408536
12.2312085,2441.015133,8008.970653
12.26921312,2446.044859,8025.473182
12.30721774,2451.056451,8041.916215
12.34522237,2456.049938,8058.299846
12.38322699,2461.025349,8074.62417
12.42123161,2465.982714,8090.889284
12.45923623,2470.922063,8107.095289
12.50720589,2477.130867,8127.466374
12.55517555,2483.311081,8147.743658
12.60314521,2489.46277,8167.927349
12.65111487,2495.585996,8188.017652
12.69908453,2501.68082,8208.014772
12.74705419,2507.747304,8227.918906
12.79502385,2513.785506,8247.730246
12.84299351,2519.795483,8267.44898
12.89925812,2526.808816,8290.459725
12.95552272,2533.783481,8313.343603
13.01178733,2540.719565,8336.100894
13.06805194,2547.617151,8358.731874
13.12431654,2554.476323,8381.236816
13.18058115,2561.297164,8403.615994
13.23684575,2568.079756,8425.86968
13.29311036,2574.824184,8447.998147
13.34937497,2581.530529,8470.001665
13.40563957,2588.198874,8491.880507
13.46190418,2594.829302,8513.63494
13.51816878,2601.421894,8535.265234
13.57443339,2607.976731,8556.771653
13.63069799,2614.493893,8578.154462
13.69936335,2622.396512,8604.082957
13.76802871,2630.243282,8629.82821
13.83669407,2638.034346,8655.39069
13.90535943,2645.769845,8680.770862
13.97402478,2653.44992,8705.969188
14.05424208,2662.352046,8735.177064
14.13445938,2671.178941,8764.138104
14.21467667,2679.930819,8792.853016
14.29489397,2688.607893,8821.322497
14.37511127,2697.210371,8849.547228
14.45532856,2705.738458,8877.52788
14.52071444,2712.63489,8900.155073
14.58610032,2719.482136,8922.620888
14.59910856,2720.838509,8927.071149
14.6121168,2722.192941,8931.51504
14.62512504,2723.545432,8935.952562
14.65114151,2726.244594,8944.808513
14.67715799,2728.936002,8953.639023
14.70317446,2731.619663,8962.444116
14.72919094,2734.295584,8971.223812
14.77222687,2738.705065,8985.691317
14.81526281,2743.093413,9000.089488
14.85829874,2747.46066,9014.418424
14.90133467,2751.806834,9028.678223
14.94437061,2756.131967,9042.868983
14.99508894,2761.202214,9059.504463
15.04580728,2766.243326,9076.044353
15.09652562,2771.255352,9092.488808
15.14724395,2776.238337,9108.837983
15.19796229,2781.192328,9125.092027
15.25551211,2786.778536,9143.420378
15.31306194,2792.327535,9161.626644
15.37061177,2797.839387,9179.711029
15.4281616,2803.314151,9197.67373
15.48571143,2808.751887,9215.51494
15.53893872,2813.748286,9231.908126
15.59216601,2818.713105,9248.197699
15.6453933,2823.646392,9264.383812
15.69862059,2828.548192,9280.466619
15.75184789,2833.418555,9296.446278
15.80507518,2838.257527,9312.322946
15.85830247,2843.065158,9328.096784
15.91152976,2847.841497,9343.767952
15.96475705,2852.586594,9359.336615
16.01798435,2857.300498,9374.802934
16.05754822,2860.784165,9386.232844
16.0971121,2864.250644,9397.606363
16.13667597,2867.699955,9408.923553
16.17623985,2871.132118,9420.184478
16.21580373,2874.54715,9431.389198
16.2671278,2878.951791,9445.840827
16.31845188,2883.327675,9460.198103
16.36977596,2887.674841,9474.461153
16.42110004,2891.993326,9488.630102
16.47242411,2896.283168,9502.705075
16.54579742,2902.366292,9522.663804
16.59634443,2906.523015,9536.302013
16.64689145,2910.652081,9549.849479
16.69743846,2914.753526,9563.306319
16.74798548,2918.827386,9576.672652
16.81116423,2923.880573,9593.252161
16.87434298,2928.890792,9609.690688
16.93752173,2933.858111,9625.988464
17.00070048,2938.782601,9642.145714
17.06387923,2943.664329,9658.162662
17.12705798,2948.503362,9674.039532
17.19023674,2953.299769,9689.776541
17.25341549,2958.053613,9705.373905
17.32334248,2963.265678,9722.474691
17.39326947,2968.425768,9739.404946
17.46319646,2973.533966,9756.164941
17.53312345,2978.590351,9772.754941
17.60305044,2983.595003,9789.175205
17.68124824,2989.130417,9807.336899
17.75944604,2994.601341,9825.286999
17.83764384,3000.007878,9843.025848
17.91584165,3005.350132,9860.553783
17.99403945,3010.628204,9877.871138
18.07223725,3015.842197,9894.978248
18.20740257,3024.703801,9924.05317
18.34256789,3033.374777,9952.502643
18.47773322,3041.855639,9980.328353
18.61289854,3050.146892,10007.53195
18.72299326,3056.760497,10029.23119
18.83308798,3063.248893,10050.51962
18.9431827,3069.612337,10071.39808
19.05327742,3075.851077,10091.86738
19.16337214,3081.965357,10111.92834
19.27346686,3087.955416,10131.58172
19.42335653,3095.91138,10157.68524
19.44648228,3097.11844,10161.6456
19.46960803,3098.320044,10165.58807
19.49273377,3099.516196,10169.51264
19.51585952,3100.706897,10173.41933
19.53898527,3101.892149,10177.30814
19.58523677,3104.246314,10185.03216
19.63148826,3106.578708,10192.68474
19.67773976,3108.889345,10200.26594
19.72399125,3111.178242,10207.77581
19.82398126,3116.052322,10223.76767
19.92397126,3120.82502,10239.42689
20.02396126,3125.49649,10254.75398
20.12395126,3130.066882,10269.74944
20.22394127,3134.536344,10284.41375
20.33649171,3139.446686,10300.52458
20.44904216,3144.229537,10316.21711
20.5615926,3148.885097,10331.492
20.67414305,3153.413561,10346.34989
20.78669349,3157.815118,10360.7914
20.89924394,3162.089954,10374.81714
21.1287143,3170.413771,10402.12758
21.16983601,3171.849957,10406.83971
21.21095772,3173.269306,10411.49659
21.25207943,3174.671826,10416.09826
21.29320114,3176.057524,10420.64474
21.33432285,3177.426409,10425.13605
21.41656627,3180.11377,10433.95328
21.49880969,3182.733968,10442.55015
21.5810531,3185.287064,10450.92686
21.66329652,3187.773117,10459.0836
21.8146811,3192.174086,10473.52318
21.96606568,3196.34846,10487.2193
22.11745026,3200.296586,10500.1731
22.26883484,3204.018802,10512.38569
22.42021942,3207.515437,10523.85815
22.62422625,3211.871261,10538.14961
22.82823308,3215.818767,10551.10137
23.03223991,3219.358692,10562.71587
23.23624674,3222.49175,10572.99543
23.44025357,3225.218637,10581.94235
23.68105039,3227.915566,10590.79097
23.92184722,3230.048682,10597.78972
24.16264404,3231.619122,10602.94234
24.35891729,3232.483794,10605.77933
24.55519054,3232.976208,10607.39494
24.71747713,3233.102864,10607.8105
24.72,3233.102832,10607.81039
24.75093634,3233.095709,10607.78702
24.78187268,3233.082263,10607.7429
24.84374536,3233.042791,10607.6134
24.90561805,3232.978303,10607.40181
24.96749073,3232.889068,10607.10903
25.22294693,3232.264051,10605.05835
25.47840313,3231.240179,10601.69903
25.73385933,3229.835309,10597.08965
25.98931554,3228.06815,10591.2916
26.34575272,3225.034714,10581.3389
26.70218991,3221.391643,10569.38598
27.05862709,3217.198957,10555.62978
27.41506428,3212.517724,10540.27065
27.86273504,3206.038255,10519.01152
28.3104058,3198.995141,10495.90306
28.75807656,3191.489555,10471.27723
29.20574732,3183.609472,10445.42268
29.65341808,3175.430079,10418.58609
30.29499896,3163.308157,10378.81406
30.93657985,3150.841701,10337.91162
31.57816073,3138.135458,10296.22244
32.21974162,3125.264586,10253.99311
32.8613225,3112.282373,10211.39847
33.5530086,3098.203981,10165.20726
34.2446947,3084.070913,10118.83667
34.9363808,3069.904648,10072.35715
35.6280669,3055.719534,10025.81579
36.319753,3041.525139,9979.243981
37.05305569,3026.473802,9929.860546
37.78635839,3011.424477,9880.483709
38.51966108,2996.380462,9831.124296
39.25296378,2981.343822,9781.789079
40.4839306,2956.122552,9699.038092
41.71489743,2930.929736,9616.380463
42.94586425,2905.766362,9533.819434
44.17683108,2880.632526,9451.355317
45.29841705,2857.757783,9376.303285
46.11183729,2841.183391,9321.922706
46.58111134,2831.627298,9290.569164
47.0503854,2822.075695,9259.230357
47.51965945,2812.528773,9227.906903
48.09965833,2800.735967,9189.214707
48.6796572,2788.95081,9150.547609
49.25965608,2777.173239,9111.905399
49.83965495,2765.402994,9073.287225
50.67073429,2748.549586,9017.991193
51.50181363,2731.710112,8962.740876
52.33289296,2714.884269,8907.535286
52.73672562,2706.713196,8880.725998
53.14055829,2698.545157,8853.92666
53.54439095,2690.380062,8827.136982
53.94822361,2682.217863,8800.356808
54.71621089,2666.7035,8749.454183
55.48419816,2651.19986,8698.58674
56.25218543,2635.707174,8647.755239
57.02017271,2620.22563,8596.960293
58.21199928,2596.22239,8518.205662
59.40382586,2572.246471,8439.540672
60.59565244,2548.29815,8360.966229
61.78747901,2524.377876,8282.48381
62.97930559,2500.486144,8204.095039
64.17548312,2476.536008,8125.514643
65.37166064,2452.614105,8047.026879
66.56783817,2428.720312,7968.631343
67.76401569,2404.854604,7890.327955
68.6009293,2388.17326,7835.596466
68.73626258,2385.47705,7826.7502
68.87159586,2382.781183,7817.90506
69.00692913,2380.085659,7809.061047
69.27759569,2374.695637,7791.376384
69.54826225,2369.306979,7773.696197
69.81892881,2363.919686,7756.020491
70.61232901,2348.13593,7704.233987
71.4057292,2332.364142,7652.486749
72.1991294,2316.604543,7600.779507
72.9925296,2300.857278,7549.11273
74.15090033,2277.888343,7473.751652
75.30927105,2254.945698,7398.476834
76.46764177,2232.02913,7323.287577
77.6260125,2209.138371,7248.182994
79.23072326,2177.469599,7144.277755
79.63190095,2169.559998,7118.326352
80.03307864,2161.653401,7092.384809
80.43425633,2153.749764,7066.452977
80.83543402,2145.848991,7040.530541
81.29043611,2136.891582,7011.141281
81.74543819,2127.937783,6981.763867
82.20044028,2118.987661,6952.398515
83.08933691,2101.513477,6895.065719
83.97823354,2084.05416,6837.781698
84.86713017,2066.610118,6780.547798
85.7560268,2049.181535,6723.364617
85.92024231,2045.963457,6712.806101
86.08445781,2042.745905,6702.249314
86.24867331,2039.528884,6691.694268
86.57710432,2033.096457,6670.589476
86.90553532,2026.666214,6649.491847
87.23396633,2020.238181,6628.401471
88.13875874,2002.541239,6570.337805
89.04355116,1984.861521,6512.330651
89.94834358,1967.199257,6454.380763
91.3148421,1940.557481,6366.969097
91.52006234,1936.55992,6353.853097
91.72528258,1932.563269,6340.740086
91.93050282,1928.567527,6327.630056
92.21093007,1923.108925,6309.720383
92.49135732,1917.652,6291.816211
92.77178457,1912.196752,6273.917545
93.67898159,1894.560361,6216.052545
94.58617861,1876.942044,6158.246847
95.49337564,1859.342157,6100.501617
96.40057266,1841.760716,6042.816911
97.61744072,1818.206367,5965.53509
98.83430879,1794.684405,5888.359534
99.00993245,1791.292257,5877.229896
99.18555612,1787.900763,5866.102403
99.36117978,1784.509924,5854.977062
99.71242712,1777.730182,5832.732726
100.0636745,1770.952964,5810.496675
100.4149218,1764.178206,5788.268693
101.8451923,1736.616206,5697.837772
103.2754629,1709.092595,5607.532804
104.7057335,1681.608135,5517.356292
105.0633011,1674.743335,5494.832882
105.4208688,1667.880952,5472.317404
105.7784364,1661.020761,5449.809118
106.136004,1654.162757,5427.308007
106.8511393,1640.45344,5382.327736
107.5662746,1626.753247,5337.377403
108.2814099,1613.062478,5292.457989
108.9965452,1599.381385,5247.570323
110.2996976,1574.476457,5165.857255
111.60285,1549.604673,5084.252933
112.9060024,1524.76607,5002.757475
114.2091549,1499.960466,4921.37029
115.5123073,1475.187099,4840.08887
116.5061893,1456.313632,4778.165027
117.5000712,1437.457054,4716.296593
118.4939532,1418.616502,4654.480744
119.4878351,1399.792231,4592.718309
120.4568212,1381.455151,4532.55435
121.4258072,1363.133297,4472.440348
122.0089781,1352.114065,4436.286247
122.592149,1341.101024,4400.15246
122.6547748,1339.918738,4396.273379
122.7174006,1338.736532,4392.394561
122.7800264,1337.554406,4388.516005
122.905278,1335.190396,4380.759689
123.0305296,1332.826711,4373.00444
123.1557812,1330.463357,4365.250273
123.8973254,1316.478231,4319.365075
124.6388697,1302.505662,4273.521079
125.3804139,1288.546413,4227.720783
126.1219582,1274.601022,4181.965954
127.1769307,1254.785773,4116.952121
127.3535316,1251.47154,4106.078122
127.5301326,1248.158098,4095.206721
127.7067335,1244.845436,4084.337874
128.0599354,1238.222393,4062.607671
128.3279979,1233.197841,4046.122115
128.5960605,1228.175015,4029.642223
128.864123,1223.153962,4013.168148
129.30047,1214.984853,3986.365303
129.3509289,1214.040518,3983.26694
129.4013878,1213.096256,3980.168816
129.4518468,1212.152066,3977.07093
129.5527646,1210.263904,3970.875867
129.6536824,1208.376028,3964.681749
129.7546003,1206.488439,3958.48857
129.8808054,1204.128273,3950.744864
130.0070106,1201.768554,3943.002625
130.1332157,1199.409283,3935.261858
130.385626,1194.692101,3919.784782
130.6380363,1189.976749,3904.313714
130.8904466,1185.263257,3888.848746
131.6461586,1171.162481,3842.584101
132.4018707,1157.079126,3796.376612
133.1575827,1143.013301,3750.22664
133.9132947,1128.964596,3704.132838
134.0331435,1126.738128,3696.827799
134.1529923,1124.512058,3689.524064
134.272841,1122.286374,3682.221593
134.5125385,1117.836123,3667.62032
134.752236,1113.387303,3653.023741
134.9919336,1108.939877,3638.431736
135.2316311,1104.493823,3623.844232
136.1887421,1086.754343,3565.640998
137.1458532,1069.037298,3507.511374
138.1029643,1051.343944,3449.459481
139.0600753,1033.674862,3391.487223
140.0171864,1016.030804,3333.597068
141.1347356,995.4617432,3266.109979
142.2522849,974.9279548,3198.73862
143.3698341,954.4292841,3131.482481
144.4873834,933.965928,3064.34221
145.6049326,913.5377628,2997.3174
146.9148813,889.6368691,2918.898568
147.2423685,883.6690815,2899.318256
147.5698556,877.7043206,2879.747876
147.8973428,871.7425931,2860.187448
148.22483,865.7839623,2840.63718
148.8798043,853.8761893,2801.567777
149.5347787,841.9813095,2762.540677
150.189753,830.0994977,2723.556452
150.8447273,818.2308083,2684.615282
151.8484114,800.068212,2625.023804
151.9780584,797.7242975,2617.33342
152.1077054,795.3808675,2609.644626
152.2373523,793.037884,2601.957297
152.4966462,788.3531954,2586.586834
152.7559402,783.6701497,2571.221761
153.0152341,778.9886843,2555.861873
153.8430655,764.0527333,2506.857018
154.6708968,749.1320658,2457.902308
155.4987282,734.2271997,2408.999442
156.3265596,719.3388926,2360.150907
157.5556369,697.2657024,2287.72877
157.7121495,694.4576192,2278.515449
157.8686621,691.6501516,2269.304147
158.0251747,688.8432603,2260.094737
158.3381999,683.2310465,2241.681064
158.6512251,677.6207527,2223.27369
158.9642503,672.0122014,2204.872033
159.8569131,656.0268845,2152.424208
160.7495759,640.0532553,2100.014731
161.6422386,624.0913347,2047.643669
162.5349014,608.1414287,1995.312028
163.4275642,592.2032858,1943.018981
164.320227,576.2768938,1890.764489
165.2128897,560.3627954,1838.550332
165.3129814,558.5792136,1832.6984
165.4130731,556.7957964,1826.847008
165.5131648,555.0125429,1820.996153
165.7133482,551.446505,1809.295983
165.9135315,547.8810677,1797.597783
166.1137149,544.3162036,1785.901464
167.045361,527.7325885,1731.490623
167.9770071,511.159997,1677.11595
168.9086532,494.5987034,1622.778346
169.8402993,478.0493015,1568.479758
170.7719454,461.5119473,1514.220699
171.4954576,448.6775501,1472.111042
172.2189697,435.850723,1430.026222
172.9424818,423.0316205,1387.966747
173.665994,410.2203202,1345.93287
175.1130182,384.6212389,1261.942285
175.4747743,378.2263772,1240.960743
175.8365304,371.8334529,1219.985559
176.1982864,365.4424346,1199.016628
176.5600425,359.0532911,1178.053848
177.0734775,349.9885207,1148.312336
177.5869125,340.9276756,1118.583703
178.1003474,331.8709025,1088.868431
178.6137824,322.8183213,1059.166912
179.64,304.7375535,999.8439131
179.6427641,304.6891661,999.6851538
179.6455281,304.6410635,999.5273292
179.6510563,304.5454204,999.2135245
179.6565844,304.4508866,998.903359
179.6621125,304.3574324,998.5967357
179.6891478,303.9150924,997.1454183
179.7161831,303.4949056,995.7667853
179.7432184,303.0943911,994.4526972
179.7702537,302.7114256,993.1961874
179.8109845,302.1636178,991.39883
179.8517154,301.6463994,989.7018365
179.8924462,301.1555815,988.0914628
179.933177,300.6876775,986.55627
179.9739078,300.2398225,985.0868575
180.0455747,299.4933691,982.6377441
180.1172416,298.7912072,980.3339507
180.1889085,298.125166,978.1486695
180.2605754,297.489041,976.0615436
180.3322423,296.877867,974.0562815
180.4039092,296.2876208,972.1196839
180.5190575,295.3751541,969.1258805
180.6342057,294.4979868,966.2478948
180.749354,293.6482763,963.4599947
180.8645023,292.8201198,960.7428132
180.9796505,292.0089672,958.0814214
181.0947988,291.2113017,955.464281
181.2824929,289.9331213,951.2705709
181.470187,288.6748582,947.1422097
181.6578812,287.4305748,943.0597161
181.8455753,286.1960929,939.0093809
182.0332694,284.9684813,934.9815871
182.2968837,283.2522265,929.3505551
182.5604979,281.5419348,923.739088
182.8241122,279.8352741,918.1395345
183.0877265,278.1309399,912.5476138
183.3974774,276.130109,905.9828877
183.7072282,274.1305495,899.4223328
184.0169791,272.1317307,892.8642085
184.4514473,269.3288795,883.6680537
184.8859155,266.5266803,874.4740379
185.3203837,263.724957,865.281584
185.94375,259.7058303,852.0948292
186.5671163,255.6875388,838.9108147
187.1904826,251.6700492,825.7294315
187.8140609,247.6519691,812.5461106
188.4376393,243.6346553,799.365304
189.0612176,239.6181111,786.1870225
189.6841946,235.6062128,773.0239843
190.3071716,231.5950852,759.8634747
190.9301487,227.5847226,746.705475
191.482044,224.032578,735.0508883
192.0339394,220.4810309,723.3982623
195.6337517,197.3302442,647.4405312
199.233564,174.2048053,571.565966
199.8301385,170.3748163,558.9997723
200.091458,168.6973716,553.4960762
200.1386311,168.3945774,552.5026084
200.1858042,168.0917875,551.5091548
200.2801505,167.4862166,549.5222766
200.3744967,166.8806635,547.535457
200.4688429,166.2751288,545.5486977
200.7649781,164.374595,539.3130462
201.0611132,162.4742658,533.0780661
201.3572484,160.5741563,526.8438069
201.6533836,158.6742747,520.6102953
202.076827,155.9580336,511.6983083
202.5002704,153.242252,502.787829
202.9237138,150.5269072,493.8787826
203.3471572,147.8119783,484.9711007
203.7706006,145.0974496,476.0647321
204.4928999,140.4679651,460.8753934
205.2151992,135.8395739,445.6896419
205.9374985,131.2122495,430.5073905
206.6597979,126.5859894,415.3286312
206.8035435,125.6654416,412.3083139
207.0910349,123.8244975,406.2681763
207.3785262,121.9837789,400.2287785
207.6660176,120.1433093,394.190198
207.9767676,118.1542407,387.6640639
208.2875177,116.1654931,381.138983
208.5982677,114.1770724,374.6149745
209.2205035,110.1965137,361.5547614
209.8427392,106.2172796,348.4988944
210.4649749,102.2393755,335.447391
211.0869604,98.26439851,322.4054915
211.7089459,94.29074007,309.3679182
212.3309314,90.31839168,296.3346431
212.953088,86.34625873,283.3020749
213.5752446,82.3754357,270.2738045
214.1974012,78.40592319,257.249834
214.8178783,74.44842912,244.2652959
215.4383554,70.49223194,231.285013
216.0588325,66.53732893,218.3089762
216.4996861,63.72812664,209.0919835
216.9405397,60.91957725,199.877133
217.3813933,58.11168006,190.6644223
221.0906568,34.51220926,113.2345586
224.7999202,10.95845497,35.95469076
225.5164919,6.413498473,21.04268849
226.2330635,1.87023476,6.136240246
226.5281173,-1.68E-09,-5.5177E-09
